"Source:","D:\Stack_based_FC_tMIT\Sensor_stack\Sensor Stack\Sensor_Stack\Sensor_Stack.kicad_sch"
"Date:","18-10-2023 14:26:04"
"Tool:","Eeschema 7.0.7"
"Generator:","C:\Program Files\KiCad\6.0\bin\scripting\plugins/bom_csv_grouped_by_value.py"
"Component Count:","18"

"Individual Components:"

"Item","Qty","Reference(s)","Value","LibPart","Footprint","Datasheet"
"","","C1","100n","Device:C","Capacitor_SMD:C_1206_3216Metric","C14663"
"","","C2","10n","Device:C","Capacitor_SMD:C_1206_3216Metric","C107110"
"","","C3","100n","Device:C","Capacitor_SMD:C_1206_3216Metric","C14663"
"","","C4","2n2","Device:C","Capacitor_SMD:C_1206_3216Metric","C36576"
"","","C5","100n","Device:C","Capacitor_SMD:C_1206_3216Metric","C14663"
"","","DS1","LED_IMU","Device:LED","LED_SMD:LED_1206_3216Metric","C2297"
"","","DS2","LED_BARO","Device:LED","LED_SMD:LED_1206_3216Metric","C2297"
"","","Q1","PZT2222A","Transistor_BJT:PZT2222A","Package_TO_SOT_SMD:SOT-223-3_TabPin2","https://www.onsemi.com/pub/Collateral/PN2222-D.PDF"
"","","Q2","PZT2222A","Transistor_BJT:PZT2222A","Package_TO_SOT_SMD:SOT-223-3_TabPin2","https://www.onsemi.com/pub/Collateral/PN2222-D.PDF"
"","","R1","0","Device:R","Resistor_SMD:R_1206_3216Metric","C25623"
"","","R2","100","Device:R","Resistor_SMD:R_1206_3216Metric","C106949"
"","","R3","100","Device:R","Resistor_SMD:R_1206_3216Metric","C106949"
"","","R4","0","Device:R","Resistor_SMD:R_1206_3216Metric","C25623"
"","","TP1","TestPoint_Probe","Connector:TestPoint_Probe","TestPoint:TestPoint_Pad_2.0x2.0mm","~"
"","","TP2","TestPoint_Probe","Connector:TestPoint_Probe","TestPoint:TestPoint_Pad_2.0x2.0mm","~"
"","","U1","LPS22DFTR","QFN_22DFTR_STM:LPS22DFTR","QFN_22DFTR_STM:QFN_22DFTR_STM","LPS22DFTR"
"","","U2","MPU-6050","Sensor_Motion:MPU-6050","Sensor_Motion:InvenSense_QFN-24_4x4mm_P0.5mm","https://store.invensense.com/datasheets/invensense/MPU-6050_DataSheet_V3%204.pdf"
"","","U3","~","fc_stack:Template","FC_Stack_template:FC_Stack_template",""



"Collated Components:"

"Item","Qty","Reference(s)","Value","LibPart","Footprint","Datasheet"
"1","3","C1, C3, C5","100n","Device:C","Capacitor_SMD:C_1206_3216Metric","C14663"
"2","1","C2","10n","Device:C","Capacitor_SMD:C_1206_3216Metric","C107110"
"3","1","C4","2n2","Device:C","Capacitor_SMD:C_1206_3216Metric","C36576"
"4","1","DS1","LED_IMU","Device:LED","LED_SMD:LED_1206_3216Metric","C2297"
"5","1","DS2","LED_BARO","Device:LED","LED_SMD:LED_1206_3216Metric","C2297"
"6","2","Q1, Q2","PZT2222A","Transistor_BJT:PZT2222A","Package_TO_SOT_SMD:SOT-223-3_TabPin2","https://www.onsemi.com/pub/Collateral/PN2222-D.PDF"
"7","2","R1, R4","0","Device:R","Resistor_SMD:R_1206_3216Metric","C25623"
"8","2","R2, R3","100","Device:R","Resistor_SMD:R_1206_3216Metric","C106949"
"9","2","TP1, TP2","TestPoint_Probe","Connector:TestPoint_Probe","TestPoint:TestPoint_Pad_2.0x2.0mm","~"
"10","1","U1","LPS22DFTR","QFN_22DFTR_STM:LPS22DFTR","QFN_22DFTR_STM:QFN_22DFTR_STM","LPS22DFTR"
"11","1","U2","MPU-6050","Sensor_Motion:MPU-6050","Sensor_Motion:InvenSense_QFN-24_4x4mm_P0.5mm","https://store.invensense.com/datasheets/invensense/MPU-6050_DataSheet_V3%204.pdf"
"12","1","U3","~","fc_stack:Template","FC_Stack_template:FC_Stack_template",""
