<?xml version="1.0" encoding="UTF-8"?>
<export version="E">
  <design>
    <source>D:\Stack_based_FC_tMIT\Sensor_stack\Sensor Stack\Sensor_Stack\Sensor_Stack.kicad_sch</source>
    <date>18-10-2023 14:26:04</date>
    <tool>Eeschema 7.0.7</tool>
    <sheet number="1" name="/" tstamps="/">
      <title_block>
        <title/>
        <company/>
        <rev/>
        <date/>
        <source>Sensor_Stack.kicad_sch</source>
        <comment number="1" value=""/>
        <comment number="2" value=""/>
        <comment number="3" value=""/>
        <comment number="4" value=""/>
        <comment number="5" value=""/>
        <comment number="6" value=""/>
        <comment number="7" value=""/>
        <comment number="8" value=""/>
        <comment number="9" value=""/>
      </title_block>
    </sheet>
  </design>
  <components>
    <comp ref="C1">
      <value>100n</value>
      <footprint>Capacitor_SMD:C_1206_3216Metric</footprint>
      <datasheet>C14663</datasheet>
      <libsource lib="Device" part="C" description="Unpolarized capacitor"/>
      <property name="Sheetname" value=""/>
      <property name="Sheetfile" value="Sensor_Stack.kicad_sch"/>
      <property name="ki_description" value="Unpolarized capacitor"/>
      <property name="ki_keywords" value="cap capacitor"/>
      <sheetpath names="/" tstamps="/"/>
      <tstamps>4871e726-ef3e-404d-b296-7eaf95d888e6</tstamps>
    </comp>
    <comp ref="C2">
      <value>10n</value>
      <footprint>Capacitor_SMD:C_1206_3216Metric</footprint>
      <datasheet>C107110</datasheet>
      <libsource lib="Device" part="C" description="Unpolarized capacitor"/>
      <property name="Sheetname" value=""/>
      <property name="Sheetfile" value="Sensor_Stack.kicad_sch"/>
      <property name="ki_description" value="Unpolarized capacitor"/>
      <property name="ki_keywords" value="cap capacitor"/>
      <sheetpath names="/" tstamps="/"/>
      <tstamps>e4b54591-a434-457f-885f-c23a0baca1f6</tstamps>
    </comp>
    <comp ref="C3">
      <value>100n</value>
      <footprint>Capacitor_SMD:C_1206_3216Metric</footprint>
      <datasheet>C14663</datasheet>
      <libsource lib="Device" part="C" description="Unpolarized capacitor"/>
      <property name="Sheetname" value=""/>
      <property name="Sheetfile" value="Sensor_Stack.kicad_sch"/>
      <property name="ki_description" value="Unpolarized capacitor"/>
      <property name="ki_keywords" value="cap capacitor"/>
      <sheetpath names="/" tstamps="/"/>
      <tstamps>03d80025-c057-4186-9255-ed70f18fa7e4</tstamps>
    </comp>
    <comp ref="C4">
      <value>2n2</value>
      <footprint>Capacitor_SMD:C_1206_3216Metric</footprint>
      <datasheet>C36576</datasheet>
      <libsource lib="Device" part="C" description="Unpolarized capacitor"/>
      <property name="Sheetname" value=""/>
      <property name="Sheetfile" value="Sensor_Stack.kicad_sch"/>
      <property name="ki_description" value="Unpolarized capacitor"/>
      <property name="ki_keywords" value="cap capacitor"/>
      <sheetpath names="/" tstamps="/"/>
      <tstamps>96ed1097-8224-435e-b049-974a1e079375</tstamps>
    </comp>
    <comp ref="C5">
      <value>100n</value>
      <footprint>Capacitor_SMD:C_1206_3216Metric</footprint>
      <datasheet>C14663</datasheet>
      <libsource lib="Device" part="C" description="Unpolarized capacitor"/>
      <property name="Sheetname" value=""/>
      <property name="Sheetfile" value="Sensor_Stack.kicad_sch"/>
      <property name="ki_description" value="Unpolarized capacitor"/>
      <property name="ki_keywords" value="cap capacitor"/>
      <sheetpath names="/" tstamps="/"/>
      <tstamps>1a3b0ceb-9ff2-4e5e-9839-efb9240d92b4</tstamps>
    </comp>
    <comp ref="DS1">
      <value>LED_IMU</value>
      <footprint>LED_SMD:LED_1206_3216Metric</footprint>
      <datasheet>C2297</datasheet>
      <libsource lib="Device" part="LED" description="Light emitting diode"/>
      <property name="Sheetname" value=""/>
      <property name="Sheetfile" value="Sensor_Stack.kicad_sch"/>
      <property name="ki_description" value="Light emitting diode"/>
      <property name="ki_keywords" value="LED diode"/>
      <sheetpath names="/" tstamps="/"/>
      <tstamps>6e6f0252-3744-4475-b2e2-b7aa6f7ab9fa</tstamps>
    </comp>
    <comp ref="DS2">
      <value>LED_BARO</value>
      <footprint>LED_SMD:LED_1206_3216Metric</footprint>
      <datasheet>C2297</datasheet>
      <libsource lib="Device" part="LED" description="Light emitting diode"/>
      <property name="Sheetname" value=""/>
      <property name="Sheetfile" value="Sensor_Stack.kicad_sch"/>
      <property name="ki_description" value="Light emitting diode"/>
      <property name="ki_keywords" value="LED diode"/>
      <sheetpath names="/" tstamps="/"/>
      <tstamps>01508d64-3749-4be0-9de6-5d0def15b3f9</tstamps>
    </comp>
    <comp ref="Q1">
      <value>PZT2222A</value>
      <footprint>Package_TO_SOT_SMD:SOT-223-3_TabPin2</footprint>
      <datasheet>https://www.onsemi.com/pub/Collateral/PN2222-D.PDF</datasheet>
      <libsource lib="Transistor_BJT" part="PZT2222A" description="1A Ic, 40V Vce, NPN Transistor, General Purpose Transistor, SOT-223"/>
      <property name="Sheetname" value=""/>
      <property name="Sheetfile" value="Sensor_Stack.kicad_sch"/>
      <property name="ki_description" value="1A Ic, 40V Vce, NPN Transistor, General Purpose Transistor, SOT-223"/>
      <property name="ki_keywords" value="NPN General Puprose Transistor SMD"/>
      <sheetpath names="/" tstamps="/"/>
      <tstamps>c5f1eae0-1d06-4643-8dee-b6451541cc6b</tstamps>
    </comp>
    <comp ref="Q2">
      <value>PZT2222A</value>
      <footprint>Package_TO_SOT_SMD:SOT-223-3_TabPin2</footprint>
      <datasheet>https://www.onsemi.com/pub/Collateral/PN2222-D.PDF</datasheet>
      <libsource lib="Transistor_BJT" part="PZT2222A" description="1A Ic, 40V Vce, NPN Transistor, General Purpose Transistor, SOT-223"/>
      <property name="Sheetname" value=""/>
      <property name="Sheetfile" value="Sensor_Stack.kicad_sch"/>
      <property name="ki_description" value="1A Ic, 40V Vce, NPN Transistor, General Purpose Transistor, SOT-223"/>
      <property name="ki_keywords" value="NPN General Puprose Transistor SMD"/>
      <sheetpath names="/" tstamps="/"/>
      <tstamps>40f8d51d-5631-4f38-942f-fd1606250506</tstamps>
    </comp>
    <comp ref="R1">
      <value>0</value>
      <footprint>Resistor_SMD:R_1206_3216Metric</footprint>
      <datasheet>C25623</datasheet>
      <libsource lib="Device" part="R" description="Resistor"/>
      <property name="Sheetname" value=""/>
      <property name="Sheetfile" value="Sensor_Stack.kicad_sch"/>
      <property name="ki_description" value="Resistor"/>
      <property name="ki_keywords" value="R res resistor"/>
      <sheetpath names="/" tstamps="/"/>
      <tstamps>2ff77462-046e-4a84-ab2f-e6b642b143b9</tstamps>
    </comp>
    <comp ref="R2">
      <value>100</value>
      <footprint>Resistor_SMD:R_1206_3216Metric</footprint>
      <datasheet>C106949</datasheet>
      <libsource lib="Device" part="R" description="Resistor"/>
      <property name="Sheetname" value=""/>
      <property name="Sheetfile" value="Sensor_Stack.kicad_sch"/>
      <property name="ki_description" value="Resistor"/>
      <property name="ki_keywords" value="R res resistor"/>
      <sheetpath names="/" tstamps="/"/>
      <tstamps>0a9f1de1-d778-4c0b-a0fa-5a34aa5656cd</tstamps>
    </comp>
    <comp ref="R3">
      <value>100</value>
      <footprint>Resistor_SMD:R_1206_3216Metric</footprint>
      <datasheet>C106949</datasheet>
      <libsource lib="Device" part="R" description="Resistor"/>
      <property name="Sheetname" value=""/>
      <property name="Sheetfile" value="Sensor_Stack.kicad_sch"/>
      <property name="ki_description" value="Resistor"/>
      <property name="ki_keywords" value="R res resistor"/>
      <sheetpath names="/" tstamps="/"/>
      <tstamps>52819d43-b9aa-417c-955f-dd486a500903</tstamps>
    </comp>
    <comp ref="R4">
      <value>0</value>
      <footprint>Resistor_SMD:R_1206_3216Metric</footprint>
      <datasheet>C25623</datasheet>
      <libsource lib="Device" part="R" description="Resistor"/>
      <property name="Sheetname" value=""/>
      <property name="Sheetfile" value="Sensor_Stack.kicad_sch"/>
      <property name="ki_description" value="Resistor"/>
      <property name="ki_keywords" value="R res resistor"/>
      <sheetpath names="/" tstamps="/"/>
      <tstamps>cbe74d82-e822-4ddc-a2d1-2812745d7dce</tstamps>
    </comp>
    <comp ref="TP1">
      <value>TestPoint_Probe</value>
      <footprint>TestPoint:TestPoint_Pad_2.0x2.0mm</footprint>
      <libsource lib="Connector" part="TestPoint_Probe" description="test point (alternative probe-style design)"/>
      <property name="Sheetname" value=""/>
      <property name="Sheetfile" value="Sensor_Stack.kicad_sch"/>
      <property name="ki_description" value="test point (alternative probe-style design)"/>
      <property name="ki_keywords" value="test point tp"/>
      <sheetpath names="/" tstamps="/"/>
      <tstamps>b15732c5-3245-4795-9558-2e087dab4d4d</tstamps>
    </comp>
    <comp ref="TP2">
      <value>TestPoint_Probe</value>
      <footprint>TestPoint:TestPoint_Pad_2.0x2.0mm</footprint>
      <libsource lib="Connector" part="TestPoint_Probe" description="test point (alternative probe-style design)"/>
      <property name="Sheetname" value=""/>
      <property name="Sheetfile" value="Sensor_Stack.kicad_sch"/>
      <property name="ki_description" value="test point (alternative probe-style design)"/>
      <property name="ki_keywords" value="test point tp"/>
      <sheetpath names="/" tstamps="/"/>
      <tstamps>c88cea83-ebf6-4e56-af77-f8d8a8b0c7bc</tstamps>
    </comp>
    <comp ref="U1">
      <value>LPS22DFTR</value>
      <footprint>QFN_22DFTR_STM:QFN_22DFTR_STM</footprint>
      <datasheet>LPS22DFTR</datasheet>
      <libsource lib="QFN_22DFTR_STM" part="LPS22DFTR" description=""/>
      <property name="Sheetname" value=""/>
      <property name="Sheetfile" value="Sensor_Stack.kicad_sch"/>
      <property name="ki_keywords" value="LPS22DFTR"/>
      <sheetpath names="/" tstamps="/"/>
      <tstamps>f84e5eb4-6fb3-4585-983e-94ff5425c024</tstamps>
    </comp>
    <comp ref="U2">
      <value>MPU-6050</value>
      <footprint>Sensor_Motion:InvenSense_QFN-24_4x4mm_P0.5mm</footprint>
      <datasheet>https://store.invensense.com/datasheets/invensense/MPU-6050_DataSheet_V3%204.pdf</datasheet>
      <libsource lib="Sensor_Motion" part="MPU-6050" description="InvenSense 6-Axis Motion Sensor, Gyroscope, Accelerometer, I2C"/>
      <property name="Sheetname" value=""/>
      <property name="Sheetfile" value="Sensor_Stack.kicad_sch"/>
      <property name="ki_description" value="InvenSense 6-Axis Motion Sensor, Gyroscope, Accelerometer, I2C"/>
      <property name="ki_keywords" value="mems"/>
      <sheetpath names="/" tstamps="/"/>
      <tstamps>5764dd21-d242-4842-988c-c6bda1cdcdac</tstamps>
    </comp>
    <comp ref="U3">
      <value>~</value>
      <footprint>FC_Stack_template:FC_Stack_template</footprint>
      <libsource lib="fc_stack" part="Template" description=""/>
      <property name="Sheetname" value=""/>
      <property name="Sheetfile" value="Sensor_Stack.kicad_sch"/>
      <sheetpath names="/" tstamps="/"/>
      <tstamps>72d4d3f1-f87f-4ca1-aa1c-f699b1867f99</tstamps>
    </comp>
  </components>
  <libparts>
    <libpart lib="Connector" part="TestPoint_Probe">
      <description>test point (alternative probe-style design)</description>
      <docs>~</docs>
      <footprints>
        <fp>Pin*</fp>
        <fp>Test*</fp>
      </footprints>
      <fields>
        <field name="Reference">TP</field>
        <field name="Value">TestPoint_Probe</field>
        <field name="Datasheet">~</field>
      </fields>
      <pins>
        <pin num="1" name="1" type="passive"/>
      </pins>
    </libpart>
    <libpart lib="Device" part="C">
      <description>Unpolarized capacitor</description>
      <docs>~</docs>
      <footprints>
        <fp>C_*</fp>
      </footprints>
      <fields>
        <field name="Reference">C</field>
        <field name="Value">C</field>
        <field name="Datasheet">~</field>
      </fields>
      <pins>
        <pin num="1" name="" type="passive"/>
        <pin num="2" name="" type="passive"/>
      </pins>
    </libpart>
    <libpart lib="Device" part="LED">
      <description>Light emitting diode</description>
      <docs>~</docs>
      <footprints>
        <fp>LED*</fp>
        <fp>LED_SMD:*</fp>
        <fp>LED_THT:*</fp>
      </footprints>
      <fields>
        <field name="Reference">D</field>
        <field name="Value">LED</field>
        <field name="Datasheet">~</field>
      </fields>
      <pins>
        <pin num="1" name="K" type="passive"/>
        <pin num="2" name="A" type="passive"/>
      </pins>
    </libpart>
    <libpart lib="Device" part="R">
      <description>Resistor</description>
      <docs>~</docs>
      <footprints>
        <fp>R_*</fp>
      </footprints>
      <fields>
        <field name="Reference">R</field>
        <field name="Value">R</field>
        <field name="Datasheet">~</field>
      </fields>
      <pins>
        <pin num="1" name="" type="passive"/>
        <pin num="2" name="" type="passive"/>
      </pins>
    </libpart>
    <libpart lib="QFN_22DFTR_STM" part="LPS22DFTR">
      <docs>LPS22DFTR</docs>
      <footprints>
        <fp>QFN_22DFTR_STM</fp>
        <fp>QFN_22DFTR_STM-M</fp>
        <fp>QFN_22DFTR_STM-L</fp>
      </footprints>
      <fields>
        <field name="Reference">U2</field>
        <field name="Value">LPS22DFTR</field>
        <field name="Footprint">QFN_22DFTR_STM:QFN_22DFTR_STM</field>
        <field name="Datasheet">LPS22DFTR</field>
      </fields>
      <pins>
        <pin num="1" name="Vdd_IO" type="power_in"/>
        <pin num="2" name="SCL/SPC" type="input"/>
        <pin num="3" name="GND" type="power_in"/>
        <pin num="4" name="SDA/SDI/SDISDO" type="bidirectional"/>
        <pin num="5" name="SDO/SA0" type="bidirectional"/>
        <pin num="6" name="CS" type="input"/>
        <pin num="7" name="INT_DRDY" type="output"/>
        <pin num="8" name="GND_IO" type="power_in"/>
        <pin num="9" name="GND" type="power_in"/>
        <pin num="10" name="VDD" type="power_in"/>
      </pins>
    </libpart>
    <libpart lib="Sensor_Motion" part="MPU-6050">
      <description>InvenSense 6-Axis Motion Sensor, Gyroscope, Accelerometer, I2C</description>
      <docs>https://store.invensense.com/datasheets/invensense/MPU-6050_DataSheet_V3%204.pdf</docs>
      <footprints>
        <fp>*QFN*4x4mm*P0.5mm*</fp>
      </footprints>
      <fields>
        <field name="Reference">U</field>
        <field name="Value">MPU-6050</field>
        <field name="Footprint">Sensor_Motion:InvenSense_QFN-24_4x4mm_P0.5mm</field>
        <field name="Datasheet">https://store.invensense.com/datasheets/invensense/MPU-6050_DataSheet_V3%204.pdf</field>
      </fields>
      <pins>
        <pin num="1" name="CLKIN" type="input"/>
        <pin num="2" name="NC" type="no_connect"/>
        <pin num="3" name="NC" type="no_connect"/>
        <pin num="4" name="NC" type="no_connect"/>
        <pin num="5" name="NC" type="no_connect"/>
        <pin num="6" name="AUX_SDA" type="bidirectional"/>
        <pin num="7" name="AUX_SCL" type="output"/>
        <pin num="8" name="VDDIO" type="power_in"/>
        <pin num="9" name="AD0" type="input"/>
        <pin num="10" name="REGOUT" type="passive"/>
        <pin num="11" name="FSYNC" type="input"/>
        <pin num="12" name="INT" type="output"/>
        <pin num="13" name="VDD" type="power_in"/>
        <pin num="14" name="NC" type="no_connect"/>
        <pin num="15" name="NC" type="no_connect"/>
        <pin num="16" name="NC" type="no_connect"/>
        <pin num="17" name="NC" type="no_connect"/>
        <pin num="18" name="GND" type="power_in"/>
        <pin num="19" name="NC" type="no_connect"/>
        <pin num="20" name="CPOUT" type="passive"/>
        <pin num="21" name="NC" type="no_connect"/>
        <pin num="22" name="NC" type="no_connect"/>
        <pin num="23" name="SCL" type="input"/>
        <pin num="24" name="SDA" type="bidirectional"/>
      </pins>
    </libpart>
    <libpart lib="Transistor_BJT" part="PZT2222A">
      <description>1A Ic, 40V Vce, NPN Transistor, General Purpose Transistor, SOT-223</description>
      <docs>https://www.onsemi.com/pub/Collateral/PN2222-D.PDF</docs>
      <footprints>
        <fp>SOT?223*</fp>
      </footprints>
      <fields>
        <field name="Reference">Q</field>
        <field name="Value">PZT2222A</field>
        <field name="Footprint">Package_TO_SOT_SMD:SOT-223-3_TabPin2</field>
        <field name="Datasheet">https://www.onsemi.com/pub/Collateral/PN2222-D.PDF</field>
      </fields>
      <pins>
        <pin num="1" name="B" type="input"/>
        <pin num="2" name="C" type="passive"/>
        <pin num="3" name="E" type="passive"/>
      </pins>
    </libpart>
    <libpart lib="fc_stack" part="Template">
      <fields>
        <field name="Reference">U</field>
      </fields>
      <pins>
        <pin num="1" name="" type="passive"/>
        <pin num="2" name="" type="passive"/>
        <pin num="3" name="" type="passive"/>
        <pin num="4" name="" type="passive"/>
        <pin num="5" name="" type="passive"/>
        <pin num="6" name="" type="passive"/>
        <pin num="7" name="" type="passive"/>
        <pin num="8" name="" type="passive"/>
        <pin num="9" name="" type="passive"/>
        <pin num="10" name="" type="passive"/>
        <pin num="11" name="" type="passive"/>
        <pin num="12" name="" type="passive"/>
        <pin num="13" name="" type="passive"/>
        <pin num="14" name="" type="passive"/>
        <pin num="15" name="" type="passive"/>
        <pin num="16" name="" type="passive"/>
        <pin num="17" name="" type="passive"/>
        <pin num="18" name="" type="passive"/>
        <pin num="19" name="" type="passive"/>
        <pin num="20" name="" type="passive"/>
        <pin num="21" name="" type="passive"/>
        <pin num="22" name="" type="passive"/>
        <pin num="23" name="" type="passive"/>
        <pin num="24" name="" type="passive"/>
        <pin num="25" name="" type="passive"/>
        <pin num="26" name="" type="passive"/>
        <pin num="27" name="" type="passive"/>
        <pin num="28" name="" type="passive"/>
        <pin num="29" name="" type="passive"/>
        <pin num="30" name="" type="passive"/>
        <pin num="31" name="" type="passive"/>
        <pin num="32" name="" type="passive"/>
        <pin num="33" name="" type="passive"/>
        <pin num="34" name="" type="passive"/>
        <pin num="35" name="" type="passive"/>
        <pin num="36" name="" type="passive"/>
        <pin num="37" name="" type="passive"/>
        <pin num="38" name="" type="passive"/>
        <pin num="39" name="" type="passive"/>
        <pin num="40" name="" type="passive"/>
        <pin num="41" name="" type="passive"/>
        <pin num="42" name="" type="passive"/>
        <pin num="43" name="" type="passive"/>
        <pin num="44" name="" type="passive"/>
        <pin num="45" name="" type="passive"/>
        <pin num="49" name="1" type="input"/>
        <pin num="50" name="1" type="input"/>
        <pin num="51" name="1" type="input"/>
        <pin num="52" name="1" type="input"/>
      </pins>
    </libpart>
  </libparts>
  <libraries>
    <library logical="Connector">
      <uri>D:\7.0\share\kicad\symbols\/Connector.kicad_sym</uri>
    </library>
    <library logical="Device">
      <uri>D:\7.0\share\kicad\symbols\/Device.kicad_sym</uri>
    </library>
    <library logical="QFN_22DFTR_STM">
      <uri>C:/Program Files/KiCad/6.0/share/kicad/symbols/QFN_22DFTR_STM.kicad_sym</uri>
    </library>
    <library logical="Sensor_Motion">
      <uri>D:\7.0\share\kicad\symbols\/Sensor_Motion.kicad_sym</uri>
    </library>
    <library logical="Transistor_BJT">
      <uri>D:\7.0\share\kicad\symbols\/Transistor_BJT.kicad_sym</uri>
    </library>
    <library logical="fc_stack">
      <uri>C:/Users/music/Dropbox/PC/Downloads/fc_stack.kicad_sym</uri>
    </library>
  </libraries>
  <nets>
    <net code="1" name="3.3V_OUT">
      <node ref="DS1" pin="2" pinfunction="A" pintype="passive"/>
      <node ref="DS2" pin="2" pinfunction="A" pintype="passive"/>
      <node ref="Q2" pin="1" pinfunction="B" pintype="input"/>
      <node ref="R1" pin="1" pintype="passive"/>
      <node ref="R4" pin="2" pintype="passive"/>
      <node ref="TP1" pin="1" pinfunction="1" pintype="passive"/>
      <node ref="TP2" pin="1" pinfunction="1" pintype="passive"/>
      <node ref="U1" pin="5" pinfunction="SDO/SA0" pintype="bidirectional"/>
      <node ref="U3" pin="34" pintype="passive"/>
      <node ref="U3" pin="35" pintype="passive"/>
      <node ref="U3" pin="7" pintype="passive"/>
    </net>
    <net code="2" name="BAR_INT">
      <node ref="U1" pin="7" pinfunction="INT_DRDY" pintype="output"/>
      <node ref="U3" pin="27" pintype="passive"/>
    </net>
    <net code="3" name="GND">
      <node ref="C1" pin="2" pintype="passive"/>
      <node ref="C2" pin="1" pintype="passive"/>
      <node ref="C3" pin="2" pintype="passive"/>
      <node ref="C4" pin="1" pintype="passive"/>
      <node ref="C5" pin="2" pintype="passive"/>
      <node ref="Q1" pin="3" pinfunction="E" pintype="passive"/>
      <node ref="Q2" pin="3" pinfunction="E" pintype="passive"/>
      <node ref="U1" pin="3" pinfunction="GND" pintype="power_in"/>
      <node ref="U1" pin="8" pinfunction="GND_IO" pintype="power_in"/>
      <node ref="U1" pin="9" pinfunction="GND" pintype="power_in"/>
      <node ref="U2" pin="1" pinfunction="CLKIN" pintype="input"/>
      <node ref="U2" pin="11" pinfunction="FSYNC" pintype="input"/>
      <node ref="U2" pin="18" pinfunction="GND" pintype="power_in"/>
      <node ref="U2" pin="9" pinfunction="AD0" pintype="input"/>
      <node ref="U3" pin="49" pinfunction="1" pintype="input"/>
      <node ref="U3" pin="50" pinfunction="1" pintype="input"/>
      <node ref="U3" pin="51" pinfunction="1" pintype="input"/>
      <node ref="U3" pin="52" pinfunction="1" pintype="input"/>
    </net>
    <net code="4" name="I2C1_SCL">
      <node ref="U1" pin="2" pinfunction="SCL/SPC" pintype="input"/>
      <node ref="U2" pin="23" pinfunction="SCL" pintype="input"/>
      <node ref="U3" pin="29" pintype="passive"/>
    </net>
    <net code="5" name="I2C1_SDA">
      <node ref="U1" pin="4" pinfunction="SDA/SDI/SDISDO" pintype="bidirectional"/>
      <node ref="U2" pin="24" pinfunction="SDA" pintype="bidirectional"/>
      <node ref="U3" pin="30" pintype="passive"/>
    </net>
    <net code="6" name="IMU_INT">
      <node ref="U2" pin="12" pinfunction="INT" pintype="output"/>
      <node ref="U3" pin="5" pintype="passive"/>
    </net>
    <net code="7" name="LED1">
      <node ref="C1" pin="1" pintype="passive"/>
      <node ref="Q1" pin="1" pinfunction="B" pintype="input"/>
      <node ref="R1" pin="2" pintype="passive"/>
      <node ref="U1" pin="1" pinfunction="Vdd_IO" pintype="power_in"/>
      <node ref="U1" pin="10" pinfunction="VDD" pintype="power_in"/>
      <node ref="U1" pin="6" pinfunction="CS" pintype="input"/>
      <node ref="U3" pin="25" pintype="passive"/>
    </net>
    <net code="8" name="Net-(DS1-K)">
      <node ref="DS1" pin="1" pinfunction="K" pintype="passive"/>
      <node ref="R2" pin="1" pintype="passive"/>
    </net>
    <net code="9" name="Net-(DS2-K)">
      <node ref="DS2" pin="1" pinfunction="K" pintype="passive"/>
      <node ref="R3" pin="1" pintype="passive"/>
    </net>
    <net code="10" name="Net-(Q1-C)">
      <node ref="Q1" pin="2" pinfunction="C" pintype="passive"/>
      <node ref="R2" pin="2" pintype="passive"/>
    </net>
    <net code="11" name="Net-(Q2-C)">
      <node ref="Q2" pin="2" pinfunction="C" pintype="passive"/>
      <node ref="R3" pin="2" pintype="passive"/>
    </net>
    <net code="12" name="Net-(U2-CPOUT)">
      <node ref="C4" pin="2" pintype="passive"/>
      <node ref="U2" pin="20" pinfunction="CPOUT" pintype="passive"/>
    </net>
    <net code="13" name="Net-(U2-REGOUT)">
      <node ref="C3" pin="1" pintype="passive"/>
      <node ref="U2" pin="10" pinfunction="REGOUT" pintype="passive"/>
    </net>
    <net code="14" name="Net-(U2-VDD)">
      <node ref="C2" pin="2" pintype="passive"/>
      <node ref="C5" pin="1" pintype="passive"/>
      <node ref="R4" pin="1" pintype="passive"/>
      <node ref="U2" pin="13" pinfunction="VDD" pintype="power_in"/>
      <node ref="U2" pin="8" pinfunction="VDDIO" pintype="power_in"/>
    </net>
    <net code="15" name="unconnected-(U2-AUX_SCL-Pad7)">
      <node ref="U2" pin="7" pinfunction="AUX_SCL" pintype="output+no_connect"/>
    </net>
    <net code="16" name="unconnected-(U2-AUX_SDA-Pad6)">
      <node ref="U2" pin="6" pinfunction="AUX_SDA" pintype="bidirectional+no_connect"/>
    </net>
    <net code="17" name="unconnected-(U2-NC-Pad2)">
      <node ref="U2" pin="2" pinfunction="NC" pintype="no_connect"/>
    </net>
    <net code="18" name="unconnected-(U2-NC-Pad3)">
      <node ref="U2" pin="3" pinfunction="NC" pintype="no_connect"/>
    </net>
    <net code="19" name="unconnected-(U2-NC-Pad4)">
      <node ref="U2" pin="4" pinfunction="NC" pintype="no_connect"/>
    </net>
    <net code="20" name="unconnected-(U2-NC-Pad5)">
      <node ref="U2" pin="5" pinfunction="NC" pintype="no_connect"/>
    </net>
    <net code="21" name="unconnected-(U2-NC-Pad14)">
      <node ref="U2" pin="14" pinfunction="NC" pintype="no_connect"/>
    </net>
    <net code="22" name="unconnected-(U2-NC-Pad15)">
      <node ref="U2" pin="15" pinfunction="NC" pintype="no_connect"/>
    </net>
    <net code="23" name="unconnected-(U2-NC-Pad16)">
      <node ref="U2" pin="16" pinfunction="NC" pintype="no_connect"/>
    </net>
    <net code="24" name="unconnected-(U2-NC-Pad17)">
      <node ref="U2" pin="17" pinfunction="NC" pintype="no_connect"/>
    </net>
    <net code="25" name="unconnected-(U2-NC-Pad19)">
      <node ref="U2" pin="19" pinfunction="NC" pintype="no_connect"/>
    </net>
    <net code="26" name="unconnected-(U2-NC-Pad21)">
      <node ref="U2" pin="21" pinfunction="NC" pintype="no_connect"/>
    </net>
    <net code="27" name="unconnected-(U2-NC-Pad22)">
      <node ref="U2" pin="22" pinfunction="NC" pintype="no_connect"/>
    </net>
    <net code="28" name="unconnected-(U3-Pad1)">
      <node ref="U3" pin="1" pintype="passive+no_connect"/>
    </net>
    <net code="29" name="unconnected-(U3-Pad2)">
      <node ref="U3" pin="2" pintype="passive+no_connect"/>
    </net>
    <net code="30" name="unconnected-(U3-Pad3)">
      <node ref="U3" pin="3" pintype="passive+no_connect"/>
    </net>
    <net code="31" name="unconnected-(U3-Pad4)">
      <node ref="U3" pin="4" pintype="passive+no_connect"/>
    </net>
    <net code="32" name="unconnected-(U3-Pad6)">
      <node ref="U3" pin="6" pintype="passive+no_connect"/>
    </net>
    <net code="33" name="unconnected-(U3-Pad8)">
      <node ref="U3" pin="8" pintype="passive+no_connect"/>
    </net>
    <net code="34" name="unconnected-(U3-Pad9)">
      <node ref="U3" pin="9" pintype="passive+no_connect"/>
    </net>
    <net code="35" name="unconnected-(U3-Pad10)">
      <node ref="U3" pin="10" pintype="passive+no_connect"/>
    </net>
    <net code="36" name="unconnected-(U3-Pad11)">
      <node ref="U3" pin="11" pintype="passive+no_connect"/>
    </net>
    <net code="37" name="unconnected-(U3-Pad12)">
      <node ref="U3" pin="12" pintype="passive+no_connect"/>
    </net>
    <net code="38" name="unconnected-(U3-Pad13)">
      <node ref="U3" pin="13" pintype="passive+no_connect"/>
    </net>
    <net code="39" name="unconnected-(U3-Pad14)">
      <node ref="U3" pin="14" pintype="passive+no_connect"/>
    </net>
    <net code="40" name="unconnected-(U3-Pad15)">
      <node ref="U3" pin="15" pintype="passive+no_connect"/>
    </net>
    <net code="41" name="unconnected-(U3-Pad16)">
      <node ref="U3" pin="16" pintype="passive+no_connect"/>
    </net>
    <net code="42" name="unconnected-(U3-Pad17)">
      <node ref="U3" pin="17" pintype="passive+no_connect"/>
    </net>
    <net code="43" name="unconnected-(U3-Pad18)">
      <node ref="U3" pin="18" pintype="passive+no_connect"/>
    </net>
    <net code="44" name="unconnected-(U3-Pad19)">
      <node ref="U3" pin="19" pintype="passive+no_connect"/>
    </net>
    <net code="45" name="unconnected-(U3-Pad20)">
      <node ref="U3" pin="20" pintype="passive+no_connect"/>
    </net>
    <net code="46" name="unconnected-(U3-Pad21)">
      <node ref="U3" pin="21" pintype="passive+no_connect"/>
    </net>
    <net code="47" name="unconnected-(U3-Pad22)">
      <node ref="U3" pin="22" pintype="passive+no_connect"/>
    </net>
    <net code="48" name="unconnected-(U3-Pad23)">
      <node ref="U3" pin="23" pintype="passive+no_connect"/>
    </net>
    <net code="49" name="unconnected-(U3-Pad24)">
      <node ref="U3" pin="24" pintype="passive+no_connect"/>
    </net>
    <net code="50" name="unconnected-(U3-Pad26)">
      <node ref="U3" pin="26" pintype="passive+no_connect"/>
    </net>
    <net code="51" name="unconnected-(U3-Pad28)">
      <node ref="U3" pin="28" pintype="passive+no_connect"/>
    </net>
    <net code="52" name="unconnected-(U3-Pad31)">
      <node ref="U3" pin="31" pintype="passive+no_connect"/>
    </net>
    <net code="53" name="unconnected-(U3-Pad32)">
      <node ref="U3" pin="32" pintype="passive+no_connect"/>
    </net>
    <net code="54" name="unconnected-(U3-Pad33)">
      <node ref="U3" pin="33" pintype="passive+no_connect"/>
    </net>
    <net code="55" name="unconnected-(U3-Pad36)">
      <node ref="U3" pin="36" pintype="passive+no_connect"/>
    </net>
    <net code="56" name="unconnected-(U3-Pad37)">
      <node ref="U3" pin="37" pintype="passive+no_connect"/>
    </net>
    <net code="57" name="unconnected-(U3-Pad38)">
      <node ref="U3" pin="38" pintype="passive+no_connect"/>
    </net>
    <net code="58" name="unconnected-(U3-Pad39)">
      <node ref="U3" pin="39" pintype="passive+no_connect"/>
    </net>
    <net code="59" name="unconnected-(U3-Pad40)">
      <node ref="U3" pin="40" pintype="passive+no_connect"/>
    </net>
    <net code="60" name="unconnected-(U3-Pad41)">
      <node ref="U3" pin="41" pintype="passive+no_connect"/>
    </net>
    <net code="61" name="unconnected-(U3-Pad42)">
      <node ref="U3" pin="42" pintype="passive+no_connect"/>
    </net>
    <net code="62" name="unconnected-(U3-Pad43)">
      <node ref="U3" pin="43" pintype="passive+no_connect"/>
    </net>
    <net code="63" name="unconnected-(U3-Pad44)">
      <node ref="U3" pin="44" pintype="passive+no_connect"/>
    </net>
    <net code="64" name="unconnected-(U3-Pad45)">
      <node ref="U3" pin="45" pintype="passive+no_connect"/>
    </net>
  </nets>
</export>
